what,kind,bundleId,bundleVersion,description,time
executed,command,org.eclipse.ui,3.7.0.I20110602-0100,"org.eclipse.ui.file.save",1769754458410
activated,editor,org.eclipse.jdt.ui,3.7.0.v20110531-1200,"org.eclipse.jdt.ui.CompilationUnitEditor",1769754460357
executed,command,org.eclipse.ui,3.7.0.I20110602-0100,"org.eclipse.ui.file.save",1769754472876
executed,command,org.eclipse.ui,3.7.0.I20110602-0100,"org.eclipse.ui.file.save",1769754491271
activated,view,org.eclipse.jdt.ui,3.7.0.v20110531-1200,"org.eclipse.jdt.ui.PackageExplorer",1769754521664
opened,editor,org.eclipse.jdt.ui,3.7.0.v20110531-1200,"org.eclipse.jdt.ui.CompilationUnitEditor",1769754521983
activated,editor,org.eclipse.jdt.ui,3.7.0.v20110531-1200,"org.eclipse.jdt.ui.CompilationUnitEditor",1769754522015
activated,editor,org.eclipse.jdt.ui,3.7.0.v20110531-1200,"org.eclipse.jdt.ui.CompilationUnitEditor",1769754530337
executed,command,org.eclipse.ui,3.7.0.I20110602-0100,"org.eclipse.ui.file.save",1769754541071
activated,editor,org.eclipse.jdt.ui,3.7.0.v20110531-1200,"org.eclipse.jdt.ui.CompilationUnitEditor",1769754542854
activated,editor,org.eclipse.jdt.ui,3.7.0.v20110531-1200,"org.eclipse.jdt.ui.CompilationUnitEditor",1769754544256
activated,editor,org.eclipse.jdt.ui,3.7.0.v20110531-1200,"org.eclipse.jdt.ui.CompilationUnitEditor",1769754545398
activated,editor,org.eclipse.jdt.ui,3.7.0.v20110531-1200,"org.eclipse.jdt.ui.CompilationUnitEditor",1769754553975
deactivated,workbench,org.eclipse.ui.workbench,3.7.0.I20110519-0100,"",1769754564953
activated,workbench,org.eclipse.ui.workbench,3.7.0.I20110519-0100,"",1769754565196
executed,command,org.eclipse.ui,3.7.0.I20110602-0100,"org.eclipse.ui.file.save",1769754571886
executed,command,org.eclipse.ui,3.7.0.I20110602-0100,"org.eclipse.ui.edit.copy",1769754603135
executed,command,org.eclipse.ui,3.7.0.I20110602-0100,"org.eclipse.ui.edit.cut",1769754603972
executed,command,org.eclipse.ui,3.7.0.I20110602-0100,"org.eclipse.ui.edit.paste",1769754607239
executed,command,org.eclipse.ui,3.7.0.I20110602-0100,"org.eclipse.ui.file.save",1769754607997
executed,command,org.eclipse.ui,3.7.0.I20110602-0100,"org.eclipse.ui.file.save",1769754625526
activated,editor,org.eclipse.jdt.ui,3.7.0.v20110531-1200,"org.eclipse.jdt.ui.CompilationUnitEditor",1769754633134
activated,editor,org.eclipse.jdt.ui,3.7.0.v20110531-1200,"org.eclipse.jdt.ui.CompilationUnitEditor",1769754648274
closed,editor,org.eclipse.jdt.ui,3.7.0.v20110531-1200,"org.eclipse.jdt.ui.CompilationUnitEditor",1769754657211
activated,view,org.eclipse.jdt.ui,3.7.0.v20110531-1200,"org.eclipse.jdt.ui.PackageExplorer",1769754658687
deactivated,workbench,org.eclipse.ui.workbench,3.7.0.I20110519-0100,"",1769754663077
activated,workbench,org.eclipse.ui.workbench,3.7.0.I20110519-0100,"",1769754666907
executed,command,org.eclipse.jdt.ui,3.7.0.v20110531-1200,"org.eclipse.jdt.ui.edit.text.java.rename.element",1769754666932
deactivated,workbench,org.eclipse.ui.workbench,3.7.0.I20110519-0100,"",1769754672562
activated,workbench,org.eclipse.ui.workbench,3.7.0.I20110519-0100,"",1769754678157
opened,editor,org.eclipse.jdt.ui,3.7.0.v20110531-1200,"org.eclipse.jdt.ui.CompilationUnitEditor",1769754678585
activated,editor,org.eclipse.jdt.ui,3.7.0.v20110531-1200,"org.eclipse.jdt.ui.CompilationUnitEditor",1769754678616
closed,editor,org.eclipse.jdt.ui,3.7.0.v20110531-1200,"org.eclipse.jdt.ui.CompilationUnitEditor",1769754681087
closed,editor,org.eclipse.jdt.ui,3.7.0.v20110531-1200,"org.eclipse.jdt.ui.CompilationUnitEditor",1769754682612
activated,view,org.eclipse.jdt.ui,3.7.0.v20110531-1200,"org.eclipse.jdt.ui.PackageExplorer",1769754683832
opened,editor,org.eclipse.jdt.ui,3.7.0.v20110531-1200,"org.eclipse.jdt.ui.CompilationUnitEditor",1769754684159
activated,editor,org.eclipse.jdt.ui,3.7.0.v20110531-1200,"org.eclipse.jdt.ui.CompilationUnitEditor",1769754684232
deactivated,workbench,org.eclipse.ui.workbench,3.7.0.I20110519-0100,"",1769754696300
activated,workbench,org.eclipse.ui.workbench,3.7.0.I20110519-0100,"",1769754696552
executed,command,org.eclipse.ui,3.7.0.I20110602-0100,"org.eclipse.ui.edit.text.contentAssist.proposals",1769754705245
executed,command,org.eclipse.ui,3.7.0.I20110602-0100,"org.eclipse.ui.edit.copy",1769754709036
executed,command,org.eclipse.ui,3.7.0.I20110602-0100,"org.eclipse.ui.edit.paste",1769754712073
executed,command,org.eclipse.ui,3.7.0.I20110602-0100,"org.eclipse.ui.edit.paste",1769754721161
executed,command,org.eclipse.ui,3.7.0.I20110602-0100,"org.eclipse.ui.edit.paste",1769754726621
executed,command,org.eclipse.ui,3.7.0.I20110602-0100,"org.eclipse.ui.file.save",1769754729449
executed,command,org.eclipse.ui,3.7.0.I20110602-0100,"org.eclipse.ui.edit.copy",1769754734329
activated,editor,org.eclipse.jdt.ui,3.7.0.v20110531-1200,"org.eclipse.jdt.ui.CompilationUnitEditor",1769754736027
executed,command,org.eclipse.ui,3.7.0.I20110602-0100,"org.eclipse.ui.edit.paste",1769754738322
activated,editor,org.eclipse.jdt.ui,3.7.0.v20110531-1200,"org.eclipse.jdt.ui.CompilationUnitEditor",1769754742475
executed,command,org.eclipse.ui,3.7.0.I20110602-0100,"org.eclipse.ui.edit.copy",1769754748970
activated,editor,org.eclipse.jdt.ui,3.7.0.v20110531-1200,"org.eclipse.jdt.ui.CompilationUnitEditor",1769754750710
executed,command,org.eclipse.ui,3.7.0.I20110602-0100,"org.eclipse.ui.edit.paste",1769754751954
activated,editor,org.eclipse.jdt.ui,3.7.0.v20110531-1200,"org.eclipse.jdt.ui.CompilationUnitEditor",1769754754708
executed,command,org.eclipse.ui,3.7.0.I20110602-0100,"org.eclipse.ui.edit.copy",1769754759183
activated,editor,org.eclipse.jdt.ui,3.7.0.v20110531-1200,"org.eclipse.jdt.ui.CompilationUnitEditor",1769754760488
executed,command,org.eclipse.ui,3.7.0.I20110602-0100,"org.eclipse.ui.edit.paste",1769754761428
activated,editor,org.eclipse.jdt.ui,3.7.0.v20110531-1200,"org.eclipse.jdt.ui.CompilationUnitEditor",1769754763616
executed,command,org.eclipse.ui,3.7.0.I20110602-0100,"org.eclipse.ui.edit.copy",1769754769646
activated,editor,org.eclipse.jdt.ui,3.7.0.v20110531-1200,"org.eclipse.jdt.ui.CompilationUnitEditor",1769754771162
executed,command,org.eclipse.ui,3.7.0.I20110602-0100,"org.eclipse.ui.edit.paste",1769754772054
executed,command,org.eclipse.ui,3.7.0.I20110602-0100,"org.eclipse.ui.file.save",1769754773320
activated,editor,org.eclipse.jdt.ui,3.7.0.v20110531-1200,"org.eclipse.jdt.ui.CompilationUnitEditor",1769754775103
activated,view,org.eclipse.jdt.ui,3.7.0.v20110531-1200,"org.eclipse.jdt.ui.PackageExplorer",1769754942490
opened,editor,org.eclipse.jdt.ui,3.7.0.v20110531-1200,"org.eclipse.jdt.ui.CompilationUnitEditor",1769754948313
activated,editor,org.eclipse.jdt.ui,3.7.0.v20110531-1200,"org.eclipse.jdt.ui.CompilationUnitEditor",1769754948410
deactivated,workbench,org.eclipse.ui.workbench,3.7.0.I20110519-0100,"",1769754967128
executed,command,org.eclipse.ui,3.7.0.I20110602-0100,"org.eclipse.ui.edit.findReplace",1769754967233
activated,workbench,org.eclipse.ui.workbench,3.7.0.I20110519-0100,"",1769754983013
executed,command,org.eclipse.ui,3.7.0.I20110602-0100,"org.eclipse.ui.edit.undo",1769754997340
executed,command,org.eclipse.ui,3.7.0.I20110602-0100,"org.eclipse.ui.edit.undo",1769754997878
executed,command,org.eclipse.ui,3.7.0.I20110602-0100,"org.eclipse.ui.edit.undo",1769755014999
executed,command,org.eclipse.ui,3.7.0.I20110602-0100,"org.eclipse.ui.edit.undo",1769755022196
executed,command,org.eclipse.ui,3.7.0.I20110602-0100,"org.eclipse.ui.file.save",1769755052353
executed,command,org.eclipse.jdt.ui,3.7.0.v20110531-1200,"org.eclipse.jdt.ui.edit.text.java.rename.element",1769755074513
executed,command,org.eclipse.jdt.ui,3.7.0.v20110531-1200,"org.eclipse.jdt.ui.edit.text.java.rename.element",1769755092539
executed,command,org.eclipse.ui,3.7.0.I20110602-0100,"org.eclipse.ui.edit.selectAll",1769755094763
executed,command,org.eclipse.ui,3.7.0.I20110602-0100,"org.eclipse.ui.edit.selectAll",1769755095901
executed,command,org.eclipse.jdt.ui,3.7.0.v20110531-1200,"org.eclipse.jdt.ui.edit.text.java.rename.element",1769755105958
executed,command,org.eclipse.ui,3.7.0.I20110602-0100,"org.eclipse.ui.file.save",1769755110526
activated,view,org.eclipse.jdt.ui,3.7.0.v20110531-1200,"org.eclipse.jdt.ui.PackageExplorer",1769755137389
opened,editor,org.eclipse.jdt.ui,3.7.0.v20110531-1200,"org.eclipse.jdt.ui.CompilationUnitEditor",1769755148742
activated,editor,org.eclipse.jdt.ui,3.7.0.v20110531-1200,"org.eclipse.jdt.ui.CompilationUnitEditor",1769755148817
executed,command,org.eclipse.ui,3.7.0.I20110602-0100,"org.eclipse.ui.file.save",1769755179516
executed,command,org.eclipse.jdt.ui,3.7.0.v20110531-1200,"org.eclipse.jdt.ui.edit.text.java.rename.element",1769755191045
executed,command,org.eclipse.ui,3.7.0.I20110602-0100,"org.eclipse.ui.edit.delete",1769755196865
executed,command,org.eclipse.ui,3.7.0.I20110602-0100,"org.eclipse.ui.edit.delete",1769755197055
executed,command,org.eclipse.ui,3.7.0.I20110602-0100,"org.eclipse.ui.edit.delete",1769755197301
executed,command,org.eclipse.ui,3.7.0.I20110602-0100,"org.eclipse.ui.edit.delete",1769755197776
executed,command,org.eclipse.ui,3.7.0.I20110602-0100,"org.eclipse.ui.file.save",1769755198657
executed,command,org.eclipse.jdt.ui,3.7.0.v20110531-1200,"org.eclipse.jdt.ui.edit.text.java.rename.element",1769755206497
executed,command,org.eclipse.ui,3.7.0.I20110602-0100,"org.eclipse.ui.file.save",1769755212732
deactivated,workbench,org.eclipse.ui.workbench,3.7.0.I20110519-0100,"",1769755217211
executed,command,org.eclipse.ui,3.7.0.I20110602-0100,"org.eclipse.ui.edit.findReplace",1769755217253
activated,workbench,org.eclipse.ui.workbench,3.7.0.I20110519-0100,"",1769755225413
activated,view,org.eclipse.jdt.ui,3.7.0.v20110531-1200,"org.eclipse.jdt.ui.PackageExplorer",1769755227075
opened,editor,org.eclipse.jdt.ui,3.7.0.v20110531-1200,"org.eclipse.jdt.ui.CompilationUnitEditor",1769755227414
activated,editor,org.eclipse.jdt.ui,3.7.0.v20110531-1200,"org.eclipse.jdt.ui.CompilationUnitEditor",1769755227461
executed,command,org.eclipse.ui,3.7.0.I20110602-0100,"org.eclipse.ui.file.save",1769755242101
executed,command,org.eclipse.ui,3.7.0.I20110602-0100,"org.eclipse.ui.file.save",1769755255891
executed,command,org.eclipse.jdt.ui,3.7.0.v20110531-1200,"org.eclipse.jdt.ui.edit.text.java.rename.element",1769755263760
executed,command,org.eclipse.ui.workbench.texteditor,3.7.0.v20110505-0800,"org.eclipse.ui.edit.text.toggleOverwrite",1769755266653
executed,command,org.eclipse.ui,3.7.0.I20110602-0100,"org.eclipse.ui.edit.delete",1769755267787
executed,command,org.eclipse.ui,3.7.0.I20110602-0100,"org.eclipse.ui.edit.delete",1769755268029
executed,command,org.eclipse.ui.workbench.texteditor,3.7.0.v20110505-0800,"org.eclipse.ui.edit.text.toggleOverwrite",1769755268859
executed,command,org.eclipse.ui,3.7.0.I20110602-0100,"org.eclipse.ui.edit.delete",1769755269897
executed,command,org.eclipse.ui,3.7.0.I20110602-0100,"org.eclipse.ui.edit.delete",1769755270092
executed,command,org.eclipse.ui,3.7.0.I20110602-0100,"org.eclipse.ui.file.save",1769755271746
executed,command,org.eclipse.jdt.ui,3.7.0.v20110531-1200,"org.eclipse.jdt.ui.edit.text.java.rename.element",1769755282017
executed,command,org.eclipse.ui,3.7.0.I20110602-0100,"org.eclipse.ui.edit.delete",1769755285463
executed,command,org.eclipse.ui,3.7.0.I20110602-0100,"org.eclipse.ui.edit.delete",1769755285681
executed,command,org.eclipse.ui,3.7.0.I20110602-0100,"org.eclipse.ui.edit.delete",1769755285886
executed,command,org.eclipse.ui,3.7.0.I20110602-0100,"org.eclipse.ui.edit.delete",1769755286475
activated,view,org.eclipse.jdt.ui,3.7.0.v20110531-1200,"org.eclipse.jdt.ui.PackageExplorer",1769755295571
opened,editor,org.eclipse.jdt.ui,3.7.0.v20110531-1200,"org.eclipse.jdt.ui.CompilationUnitEditor",1769755295874
activated,editor,org.eclipse.jdt.ui,3.7.0.v20110531-1200,"org.eclipse.jdt.ui.CompilationUnitEditor",1769755295902
activated,view,org.eclipse.jdt.ui,3.7.0.v20110531-1200,"org.eclipse.jdt.ui.PackageExplorer",1769755349595
opened,editor,org.eclipse.jdt.ui,3.7.0.v20110531-1200,"org.eclipse.jdt.ui.CompilationUnitEditor",1769755351448
activated,editor,org.eclipse.jdt.ui,3.7.0.v20110531-1200,"org.eclipse.jdt.ui.CompilationUnitEditor",1769755351498
activated,view,org.eclipse.jdt.ui,3.7.0.v20110531-1200,"org.eclipse.jdt.ui.PackageExplorer",1769755386522
activated,editor,org.eclipse.jdt.ui,3.7.0.v20110531-1200,"org.eclipse.jdt.ui.CompilationUnitEditor",1769755386752
activated,view,org.eclipse.jdt.ui,3.7.0.v20110531-1200,"org.eclipse.jdt.ui.PackageExplorer",1769755396478
opened,editor,org.eclipse.jdt.ui,3.7.0.v20110531-1200,"org.eclipse.jdt.ui.CompilationUnitEditor",1769755396782
activated,editor,org.eclipse.jdt.ui,3.7.0.v20110531-1200,"org.eclipse.jdt.ui.CompilationUnitEditor",1769755396846
executed,command,org.eclipse.ui,3.7.0.I20110602-0100,"org.eclipse.ui.file.save",1769755440946
executed,command,org.eclipse.jdt.ui,3.7.0.v20110531-1200,"org.eclipse.jdt.ui.edit.text.java.rename.element",1769755454386
activated,view,org.eclipse.jdt.ui,3.7.0.v20110531-1200,"org.eclipse.jdt.ui.PackageExplorer",1769755473189
opened,editor,org.eclipse.jdt.ui,3.7.0.v20110531-1200,"org.eclipse.jdt.ui.CompilationUnitEditor",1769755473516
activated,editor,org.eclipse.jdt.ui,3.7.0.v20110531-1200,"org.eclipse.jdt.ui.CompilationUnitEditor",1769755473573
executed,command,org.eclipse.ui,3.7.0.I20110602-0100,"org.eclipse.ui.file.save",1769755499500
activated,view,org.eclipse.jdt.ui,3.7.0.v20110531-1200,"org.eclipse.jdt.ui.PackageExplorer",1769755501301
opened,editor,org.eclipse.jdt.ui,3.7.0.v20110531-1200,"org.eclipse.jdt.ui.CompilationUnitEditor",1769755501635
activated,editor,org.eclipse.jdt.ui,3.7.0.v20110531-1200,"org.eclipse.jdt.ui.CompilationUnitEditor",1769755501682
executed,command,org.eclipse.ui,3.7.0.I20110602-0100,"org.eclipse.ui.file.save",1769755525585
activated,view,org.eclipse.jdt.ui,3.7.0.v20110531-1200,"org.eclipse.jdt.ui.PackageExplorer",1769755528603
opened,editor,org.eclipse.jdt.ui,3.7.0.v20110531-1200,"org.eclipse.jdt.ui.CompilationUnitEditor",1769755529060
activated,editor,org.eclipse.jdt.ui,3.7.0.v20110531-1200,"org.eclipse.jdt.ui.CompilationUnitEditor",1769755529142
executed,command,org.eclipse.ui,3.7.0.I20110602-0100,"org.eclipse.ui.file.save",1769755550647
executed,command,org.eclipse.jdt.ui,3.7.0.v20110531-1200,"org.eclipse.jdt.ui.edit.text.java.rename.element",1769755555094
executed,command,org.eclipse.ui,3.7.0.I20110602-0100,"org.eclipse.ui.edit.delete",1769755557138
executed,command,org.eclipse.ui,3.7.0.I20110602-0100,"org.eclipse.ui.edit.delete",1769755557311
executed,command,org.eclipse.ui,3.7.0.I20110602-0100,"org.eclipse.ui.edit.delete",1769755557474
executed,command,org.eclipse.ui,3.7.0.I20110602-0100,"org.eclipse.ui.edit.delete",1769755557731
executed,command,org.eclipse.ui,3.7.0.I20110602-0100,"org.eclipse.ui.file.save",1769755559188
deactivated,workbench,org.eclipse.ui.workbench,3.7.0.I20110519-0100,"",1769755560416
activated,workbench,org.eclipse.ui.workbench,3.7.0.I20110519-0100,"",1769755561666
executed,command,org.eclipse.jdt.ui,3.7.0.v20110531-1200,"org.eclipse.jdt.ui.edit.text.java.rename.element",1769755564316
executed,command,org.eclipse.ui,3.7.0.I20110602-0100,"org.eclipse.ui.edit.delete",1769755565491
executed,command,org.eclipse.ui,3.7.0.I20110602-0100,"org.eclipse.ui.edit.delete",1769755565684
executed,command,org.eclipse.ui,3.7.0.I20110602-0100,"org.eclipse.ui.edit.delete",1769755565864
executed,command,org.eclipse.ui,3.7.0.I20110602-0100,"org.eclipse.ui.edit.delete",1769755566292
executed,command,org.eclipse.jdt.ui,3.7.0.v20110531-1200,"org.eclipse.jdt.ui.edit.text.java.rename.element",1769755571258
executed,command,org.eclipse.ui,3.7.0.I20110602-0100,"org.eclipse.ui.edit.delete",1769755572482
executed,command,org.eclipse.ui,3.7.0.I20110602-0100,"org.eclipse.ui.edit.delete",1769755572781
executed,command,org.eclipse.ui,3.7.0.I20110602-0100,"org.eclipse.ui.edit.delete",1769755573110
executed,command,org.eclipse.ui,3.7.0.I20110602-0100,"org.eclipse.ui.edit.delete",1769755573425
executed,command,org.eclipse.ui,3.7.0.I20110602-0100,"org.eclipse.ui.file.save",1769755577587
activated,view,org.eclipse.jdt.ui,3.7.0.v20110531-1200,"org.eclipse.jdt.ui.PackageExplorer",1769755582176
activated,editor,org.eclipse.jdt.ui,3.7.0.v20110531-1200,"org.eclipse.jdt.ui.CompilationUnitEditor",1769755584416
deactivated,workbench,org.eclipse.ui.workbench,3.7.0.I20110519-0100,"",1769755592420
executed,command,org.eclipse.ui,3.7.0.I20110602-0100,"org.eclipse.ui.edit.findReplace",1769755592483
activated,workbench,org.eclipse.ui.workbench,3.7.0.I20110519-0100,"",1769755595964
deactivated,workbench,org.eclipse.ui.workbench,3.7.0.I20110519-0100,"",1769755778110
activated,workbench,org.eclipse.ui.workbench,3.7.0.I20110519-0100,"",1769755803102
activated,view,org.eclipse.jdt.ui,3.7.0.v20110531-1200,"org.eclipse.jdt.ui.PackageExplorer",1769755886007
activated,editor,org.eclipse.jdt.ui,3.7.0.v20110531-1200,"org.eclipse.jdt.ui.CompilationUnitEditor",1769755886246
activated,view,org.eclipse.jdt.ui,3.7.0.v20110531-1200,"org.eclipse.jdt.ui.PackageExplorer",1769755995265
activated,editor,org.eclipse.jdt.ui,3.7.0.v20110531-1200,"org.eclipse.jdt.ui.CompilationUnitEditor",1769755995485
activated,view,org.eclipse.jdt.ui,3.7.0.v20110531-1200,"org.eclipse.jdt.ui.PackageExplorer",1769756005847
activated,editor,org.eclipse.jdt.ui,3.7.0.v20110531-1200,"org.eclipse.jdt.ui.CompilationUnitEditor",1769756006098
deactivated,workbench,org.eclipse.ui.workbench,3.7.0.I20110519-0100,"",1769756072513
activated,workbench,org.eclipse.ui.workbench,3.7.0.I20110519-0100,"",1769756072777
executed,command,org.eclipse.ui,3.7.0.I20110602-0100,"org.eclipse.ui.file.save",1769756075526
executed,command,org.eclipse.jdt.ui,3.7.0.v20110531-1200,"org.eclipse.jdt.ui.edit.text.java.rename.element",1769756101479
activated,view,org.eclipse.jdt.ui,3.7.0.v20110531-1200,"org.eclipse.jdt.ui.PackageExplorer",1769756157905
activated,editor,org.eclipse.jdt.ui,3.7.0.v20110531-1200,"org.eclipse.jdt.ui.CompilationUnitEditor",1769756158145
activated,view,org.eclipse.jdt.ui,3.7.0.v20110531-1200,"org.eclipse.jdt.ui.PackageExplorer",1769756185892
activated,editor,org.eclipse.jdt.ui,3.7.0.v20110531-1200,"org.eclipse.jdt.ui.CompilationUnitEditor",1769756186133
deactivated,workbench,org.eclipse.ui.workbench,3.7.0.I20110519-0100,"",1769756226066
activated,workbench,org.eclipse.ui.workbench,3.7.0.I20110519-0100,"",1769756226305
deactivated,workbench,org.eclipse.ui.workbench,3.7.0.I20110519-0100,"",1769756229392
activated,workbench,org.eclipse.ui.workbench,3.7.0.I20110519-0100,"",1769756229546
executed,command,org.eclipse.jdt.ui,3.7.0.v20110531-1200,"org.eclipse.jdt.ui.edit.text.java.rename.element",1769756233461
executed,command,org.eclipse.jdt.ui,3.7.0.v20110531-1200,"org.eclipse.jdt.ui.edit.text.java.rename.element",1769756240817
executed,command,org.eclipse.ui,3.7.0.I20110602-0100,"org.eclipse.ui.file.save",1769756244205
executed,command,org.eclipse.ui,3.7.0.I20110602-0100,"org.eclipse.ui.file.save",1769756245580
activated,view,org.eclipse.jdt.ui,3.7.0.v20110531-1200,"org.eclipse.jdt.ui.PackageExplorer",1769756265038
opened,editor,org.eclipse.jdt.ui,3.7.0.v20110531-1200,"org.eclipse.jdt.ui.CompilationUnitEditor",1769756265401
activated,editor,org.eclipse.jdt.ui,3.7.0.v20110531-1200,"org.eclipse.jdt.ui.CompilationUnitEditor",1769756265476
activated,view,org.eclipse.jdt.ui,3.7.0.v20110531-1200,"org.eclipse.jdt.ui.PackageExplorer",1769756268065
activated,editor,org.eclipse.jdt.ui,3.7.0.v20110531-1200,"org.eclipse.jdt.ui.CompilationUnitEditor",1769756270153
executed,command,org.eclipse.ui,3.7.0.I20110602-0100,"org.eclipse.ui.file.save",1769756278072
activated,view,org.eclipse.jdt.ui,3.7.0.v20110531-1200,"org.eclipse.jdt.ui.PackageExplorer",1769756282693
activated,editor,org.eclipse.jdt.ui,3.7.0.v20110531-1200,"org.eclipse.jdt.ui.CompilationUnitEditor",1769756282985
closed,editor,org.eclipse.jdt.ui,3.7.0.v20110531-1200,"org.eclipse.jdt.ui.CompilationUnitEditor",1769756288269
closed,editor,org.eclipse.jdt.ui,3.7.0.v20110531-1200,"org.eclipse.jdt.ui.CompilationUnitEditor",1769756288282
closed,editor,org.eclipse.jdt.ui,3.7.0.v20110531-1200,"org.eclipse.jdt.ui.CompilationUnitEditor",1769756288297
closed,editor,org.eclipse.jdt.ui,3.7.0.v20110531-1200,"org.eclipse.jdt.ui.CompilationUnitEditor",1769756288335
closed,editor,org.eclipse.jdt.ui,3.7.0.v20110531-1200,"org.eclipse.jdt.ui.CompilationUnitEditor",1769756288367
closed,editor,org.eclipse.jdt.ui,3.7.0.v20110531-1200,"org.eclipse.jdt.ui.CompilationUnitEditor",1769756288423
closed,editor,org.eclipse.jdt.ui,3.7.0.v20110531-1200,"org.eclipse.jdt.ui.CompilationUnitEditor",1769756288471
closed,editor,org.eclipse.jdt.ui,3.7.0.v20110531-1200,"org.eclipse.jdt.ui.CompilationUnitEditor",1769756288523
closed,editor,org.eclipse.jdt.ui,3.7.0.v20110531-1200,"org.eclipse.jdt.ui.CompilationUnitEditor",1769756288547
closed,editor,org.eclipse.jdt.ui,3.7.0.v20110531-1200,"org.eclipse.jdt.ui.CompilationUnitEditor",1769756288555
closed,editor,org.eclipse.jdt.ui,3.7.0.v20110531-1200,"org.eclipse.jdt.ui.CompilationUnitEditor",1769756288573
executed,command,org.eclipse.jdt.ui,3.7.0.v20110531-1200,"org.eclipse.jdt.ui.edit.text.java.rename.element",1769756319280
executed,command,org.eclipse.ui,3.7.0.I20110602-0100,"org.eclipse.ui.edit.undo",1769756326886
executed,command,org.eclipse.ui,3.7.0.I20110602-0100,"org.eclipse.ui.file.save",1769756341604
activated,view,org.eclipse.jdt.ui,3.7.0.v20110531-1200,"org.eclipse.jdt.ui.PackageExplorer",1769756348987
opened,editor,org.eclipse.jdt.ui,3.7.0.v20110531-1200,"org.eclipse.jdt.ui.CompilationUnitEditor",1769756349334
activated,editor,org.eclipse.jdt.ui,3.7.0.v20110531-1200,"org.eclipse.jdt.ui.CompilationUnitEditor",1769756349434
activated,editor,org.eclipse.jdt.ui,3.7.0.v20110531-1200,"org.eclipse.jdt.ui.CompilationUnitEditor",1769756353978
activated,editor,org.eclipse.jdt.ui,3.7.0.v20110531-1200,"org.eclipse.jdt.ui.CompilationUnitEditor",1769756357222
activated,view,org.eclipse.jdt.ui,3.7.0.v20110531-1200,"org.eclipse.jdt.ui.PackageExplorer",1769756358294
opened,editor,org.eclipse.jdt.ui,3.7.0.v20110531-1200,"org.eclipse.jdt.ui.CompilationUnitEditor",1769756358611
activated,editor,org.eclipse.jdt.ui,3.7.0.v20110531-1200,"org.eclipse.jdt.ui.CompilationUnitEditor",1769756358658
executed,command,org.eclipse.ui,3.7.0.I20110602-0100,"org.eclipse.ui.file.save",1769756374512
executed,command,org.eclipse.jdt.ui,3.7.0.v20110531-1200,"org.eclipse.jdt.ui.edit.text.java.rename.element",1769756396242
deactivated,workbench,org.eclipse.ui.workbench,3.7.0.I20110519-0100,"",1769756399077
activated,workbench,org.eclipse.ui.workbench,3.7.0.I20110519-0100,"",1769756401100
executed,command,org.eclipse.jdt.ui,3.7.0.v20110531-1200,"org.eclipse.jdt.ui.edit.text.java.rename.element",1769756449393
deactivated,workbench,org.eclipse.ui.workbench,3.7.0.I20110519-0100,"",1769756451701
activated,workbench,org.eclipse.ui.workbench,3.7.0.I20110519-0100,"",1769756454771
executed,command,org.eclipse.jdt.ui,3.7.0.v20110531-1200,"org.eclipse.jdt.ui.edit.text.java.rename.element",1769756464674
deactivated,workbench,org.eclipse.ui.workbench,3.7.0.I20110519-0100,"",1769756466908
activated,workbench,org.eclipse.ui.workbench,3.7.0.I20110519-0100,"",1769756475111
deactivated,workbench,org.eclipse.ui.workbench,3.7.0.I20110519-0100,"",1769756483432
activated,workbench,org.eclipse.ui.workbench,3.7.0.I20110519-0100,"",1769756484436
executed,command,org.eclipse.jdt.ui,3.7.0.v20110531-1200,"org.eclipse.jdt.ui.edit.text.java.rename.element",1769756485050
deactivated,workbench,org.eclipse.ui.workbench,3.7.0.I20110519-0100,"",1769756487262
activated,workbench,org.eclipse.ui.workbench,3.7.0.I20110519-0100,"",1769756488448
executed,command,org.eclipse.ui,3.7.0.I20110602-0100,"org.eclipse.ui.file.save",1769756489142
activated,view,org.eclipse.jdt.ui,3.7.0.v20110531-1200,"org.eclipse.jdt.ui.PackageExplorer",1769756498975
opened,editor,org.eclipse.jdt.ui,3.7.0.v20110531-1200,"org.eclipse.jdt.ui.CompilationUnitEditor",1769756500568
activated,editor,org.eclipse.jdt.ui,3.7.0.v20110531-1200,"org.eclipse.jdt.ui.CompilationUnitEditor",1769756500616
activated,editor,org.eclipse.jdt.ui,3.7.0.v20110531-1200,"org.eclipse.jdt.ui.CompilationUnitEditor",1769756506961
closed,editor,org.eclipse.jdt.ui,3.7.0.v20110531-1200,"org.eclipse.jdt.ui.CompilationUnitEditor",1769756506961
activated,view,org.eclipse.jdt.ui,3.7.0.v20110531-1200,"org.eclipse.jdt.ui.PackageExplorer",1769756509000
opened,editor,org.eclipse.jdt.ui,3.7.0.v20110531-1200,"org.eclipse.jdt.ui.CompilationUnitEditor",1769756512284
activated,editor,org.eclipse.jdt.ui,3.7.0.v20110531-1200,"org.eclipse.jdt.ui.CompilationUnitEditor",1769756512335
executed,command,org.eclipse.jdt.ui,3.7.0.v20110531-1200,"org.eclipse.jdt.ui.edit.text.java.rename.element",1769756553310
executed,command,org.eclipse.ui,3.7.0.I20110602-0100,"org.eclipse.ui.file.save",1769756559581
activated,view,org.eclipse.jdt.ui,3.7.0.v20110531-1200,"org.eclipse.jdt.ui.PackageExplorer",1769756561832
opened,editor,org.eclipse.jdt.ui,3.7.0.v20110531-1200,"org.eclipse.jdt.ui.CompilationUnitEditor",1769756562137
activated,editor,org.eclipse.jdt.ui,3.7.0.v20110531-1200,"org.eclipse.jdt.ui.CompilationUnitEditor",1769756562203
executed,command,org.eclipse.ui,3.7.0.I20110602-0100,"org.eclipse.ui.file.save",1769756590308
executed,command,org.eclipse.jdt.ui,3.7.0.v20110531-1200,"org.eclipse.jdt.ui.edit.text.java.rename.element",1769756596681
activated,view,org.eclipse.jdt.ui,3.7.0.v20110531-1200,"org.eclipse.jdt.ui.PackageExplorer",1769756604319
opened,editor,org.eclipse.jdt.ui,3.7.0.v20110531-1200,"org.eclipse.jdt.ui.CompilationUnitEditor",1769756604620
activated,editor,org.eclipse.jdt.ui,3.7.0.v20110531-1200,"org.eclipse.jdt.ui.CompilationUnitEditor",1769756604683
executed,command,org.eclipse.ui,3.7.0.I20110602-0100,"org.eclipse.ui.file.save",1769756621400
